Area,1990,1991,1992,1993,1994,1995,1996,1997,1998,1999,2000,2001,2002,2003,2004,2005,2006,2007,2008,2009,2010,2011,2012,2013,2014,2015,2016,2017,2018,2019,2020,2021,2022
Albania,121.0,121.0,121.0,121.0,201.0,251.0,262.40000000000003,273.79999999999995,285.18,296.59,307.98,319.38,330.78000000000003,342.18,353.56,364.97,376.37,387.76,399.16,410.55,590.5,582.69,361.63,450.59999999999997,457.46999999999997,538.24,584.49,614.9100000000001,442.35,746.36,401.57,433.3,295.61
Algeria,5743.47,7094.39,3876.1800000000003,3710.01,4058.62,6255.63,2190.89,1822.1599999999999,1498.96,2228.17,2537.3999999999996,2846.63,3155.88,3465.11,3774.35,2810.6000000000004,2504.01,3562.5299999999997,5720.110000000001,3168.41,1869.5800000000002,7612.21,8980.17,8269.57,7151.5199999999995,4516.93,4153.379999999999,6067.35,6067.35,6067.35,6067.35,6067.35,6067.35
Andorra,14.12,14.129999999999999,14.12,14.12,14.120000000000001,12.82,12.319999999999999,14.17,15.4,15.11,18.54,18.0,18.43,11.74,11.79,12.41,14.57,15.01,14.93,13.39,12.73,13.43,13.69,17.27,15.42,16.28,13.4,13.93,13.540000000000001,14.370000000000001,16.25,17.3,17.82
Angola,64.0,79.0,23.0,169.0,89.5,336.0,40.0,40.0,40.0,40.0,40.0,40.0,40.0,40.0,40.0,40.0,40.0,40.0,40.0,40.0,40.0,40.0,40.0,40.0,40.0,40.0,40.0,40.0,40.0,40.0,40.0,40.0,40.0
Anguilla,23.07,23.07,23.07,23.06,23.060000000000002,23.05,23.060000000000002,23.05,23.07,23.06,22.330000000000002,23.11,23.82,24.63,26.3,30.45,36.8,48.6,58.04,65.92,65.92,65.91,65.91,65.92,65.91,65.91,65.92,65.9,65.89999999999999,65.91,65.9,65.9,65.92999999999999
Antigua and Barbuda,289.44,289.44,289.44,289.44,289.44,289.44,289.44,289.44,289.45,265.94,260.19,272.21,325.49,378.76,432.05,410.5,347.26,291.82,318.99,379.81,341.78,781.9499999999999,694.16,685.07,174.46,175.92,180.2,182.95000000000002,199.76999999999998,219.64000000000001,250.03,250.95,251.4
Argentina,26156.0,26156.0,26156.0,26156.0,30195.0,37842.0,54595.0,77691.0,62397.0,73293.05,84189.07999999999,95085.12000000001,105981.17,116877.2,127773.24,138669.28,149565.33000000002,186790.2,203369.35,140094.8,235739.09999999998,220610.03999999998,216308.69999999998,212007.35,207706.0,203807.0,199908.0,196009.0,172928.0,204559.0,241294.18,241519.98,262506.93
Armenia,,,8.0,8.0,23.0,23.9,32.0,41.46,50.92,60.379999999999995,69.85,79.31,88.77,98.23,204.77,220.51,227.54999999999998,241.71,218.20000000000002,198.36,278.72,320.67,362.62,404.58,446.52000000000004,488.46999999999997,530.4200000000001,572.36,614.32,527.33,639.16,914.03,891.82
Aruba,148.21,155.17,169.11,189.98999999999998,210.87,231.76,252.64000000000001,273.53000000000003,294.42,315.28,336.18,357.07,377.94,398.83,419.72,440.6,461.49,482.37999999999994,503.27000000000004,524.82,537.55,501.67999999999995,458.57,410.09,390.53000000000003,454.46999999999997,459.14,466.77,387.95,403.89,457.71,491.17,507.92
Australia,17866.68,17866.68,22235.4,23898.78,21056.73,25598.14,31185.350000000002,34091.82,37215.04,34200.0,33475.36,32709.67,26650.44,32417.64,36276.8,34309.93,35901.12,32446.239999999998,42935.38,38065.68,42169.39,47632.99,48687.880000000005,45177.18,49857.35999999999,50921.6,63416.48,59634.01,59634.01,59634.01,59634.01,59634.01,59634.01
Austria,4246.0,4487.0,3897.0,3984.0,3619.0,3402.0,3565.0,3689.6,3340.3,3418.6,3563.2000000000003,3132.2000000000003,3079.2000000000003,3384.9,3301.7,3404.0,3415.7,3526.6,4246.7,3531.8,3692.3999999999996,3441.5,3563.3,3098.45,3373.63,3778.21,4361.48,4625.88,5279.55,4954.46,5567.03,5790.56,6068.7300000000005
Azerbaijan,,,148.68,148.68,148.68,148.68,148.68,148.68,148.68,148.68,148.68,148.68,148.68,148.68,148.68,148.68,148.68,148.68,262.99,316.18,333.85,461.84,516.35,489.8,531.84,529.69,542.8199999999999,542.8199999999999,542.8199999999999,542.8199999999999,542.8199999999999,542.8199999999999,542.8199999999999
Bahamas,242.0,257.08,252.46,313.91,375.34000000000003,335.15000000000003,437.63,536.9300000000001,536.28,554.1,461.09,629.38,547.5,498.65999999999997,393.79,436.07,375.46,454.09000000000003,243.46,97.42,87.01,144.37,158.5,111.39,118.47,178.04,178.04,178.04,178.04,178.04,178.04,178.04,178.04
Bahrain,14.05,14.05,14.05,14.05,30.86,12.46,12.16,9.42,11.15,12.5,8.65,9.2,0.91,6.03,12.24,12.749999999999998,12.120000000000001,16.25,10.45,12.59,9.84,9.14,9.87,10.600000000000001,11.33,12.04,12.769999999999998,13.5,14.23,34.03,31.45,30.240000000000002,13.590000000000002
Bangladesh,1266.0,1287.0,1453.0,1487.0,1594.5,1702.0,1919.0,2035.0,2068.0,2532.0,3170.0,3334.84,4206.25,5462.8099999999995,6995.509999999999,8090.88,9412.66,10915.11,12403.09,13755.78,13250.83,14798.28,13289.18,15330.16,15857.26,13364.42,14387.630000000001,15144.49,15265.15,15385.810000000001,15506.47,15506.47,15506.47
Barbados,550.0,550.0,550.0,550.0,514.0,664.0,475.0,168.45999999999998,164.29999999999998,160.12,155.95999999999998,151.79,147.63,143.45,139.29,135.1,130.94,126.77,122.61000000000001,118.43,114.26,110.08999999999999,105.92,101.75,97.58,93.42,89.25,85.08,80.92,76.74000000000001,72.57,68.39,68.39
Belarus,,,2097.16,2097.16,2097.16,2097.16,2097.16,2097.16,1881.69,1822.9499999999998,1817.1100000000001,1962.6100000000001,1603.59,1919.8599999999997,2347.5699999999997,3646.92,3890.5499999999997,4235.1,3880.08,3874.87,3386.54,3078.92,2422.7400000000002,2229.09,1892.13,1463.88,1077.76,721.32,839.8900000000001,4171.29,4589.42,4117.78,4230.900000000001
Belgium,,,,,,,,,,,9560.49,8529.07,9204.0,8822.0,9186.0,9776.0,8244.02,6712.05,6516.47,5496.04,4644.53,6297.2300000000005,6584.48,6334.74,7179.63,6479.25,6570.450000000001,6245.92,6355.3,5940.59,5667.46,5575.9400000000005,5065.85
Belgium-Luxembourg,9074.210000000001,9074.210000000001,9074.210000000001,9074.210000000001,8449.91,9007.08,8742.92,8306.6,9095.89,8829.62,,,,,,,,,,,,,,,,,,,,,,,
Belize,771.0,696.0,997.0,1057.8300000000002,1118.6699999999998,1179.5,1240.3300000000002,1301.1699999999998,1362.0,1362.0,1296.0,1719.0,1529.27,1339.54,1149.81,960.0799999999999,770.35,674.46,984.0300000000001,788.61,700.39,826.5799999999999,638.28,1036.68,880.1,1067.18,1258.98,1217.1299999999999,1384.3100000000002,1062.59,1334.69,1123.04,1331.0
Benin,1378.1299999999999,1378.14,1333.52,1183.56,1598.5,1712.26,1635.1699999999998,933.06,1019.3100000000001,1032.68,1014.81,748.58,777.25,766.28,619.5400000000001,582.98,895.21,1610.01,1948.96,2259.93,2092.92,2080.62,1691.81,1422.58,1452.1399999999999,1525.17,1583.06,2690.89,4342.21,5678.8,5624.5,5048.59,4760.64
Bermuda,20.560000000000002,20.560000000000002,20.560000000000002,39.66,77.85,109.34,108.59,89.28,77.22,78.83,80.45,82.05,83.68,85.3,86.91,62.71,43.09,45.73,79.08,90.19,80.23,81.09,113.74,151.91,180.63,207.22,179.19,153.63,117.59,135.35,150.32999999999998,146.61,144.77
Bhutan,4.02,4.55,4.54,3.41,24.51,29.240000000000002,32.37,2.0100000000000002,2.34,2.44,3.23,2.5500000000000003,1.87,5.16,6.65,2.1,5.93,7.05,5.8100000000000005,5.68,6.56,9.07,7.44,5.39,3.37,10.81,18.3,152.02,174.23,180.08999999999997,159.82999999999998,173.87,180.75
Bolivia (Plurinational State of),2468.0299999999997,1690.8200000000002,941.0,1299.88,1652.86,2005.8400000000001,2358.82,2711.79,3064.77,3417.75,3770.7499999999995,4123.73,4476.71,4829.69,6453.18,7145.93,7771.83,8426.91,8869.810000000001,10280.78,12969.35,13839.18,14403.05,17070.920000000002,16473.2,15962.1,16392.39,21654.9,21749.34,17909.76,19294.96,18306.98,19173.920000000002
Bosnia and Herzegovina,,,2276.81,2231.69,2213.13,2226.56,2201.19,2222.3,2158.88,2193.42,2193.39,2162.19,2184.52,2132.9300000000003,2163.83,2182.86,2161.42,2209.09,2197.49,2119.7599999999998,2135.12,2277.27,2267.3900000000003,2261.66,2276.56,2286.58,2369.33,2398.29,2454.3,2509.2200000000003,2723.4,2723.4,2723.4
Botswana,351.34999999999997,331.03,313.05,257.24,209.38,171.46,176.60999999999999,192.72,227.33,287.2,374.1,435.96000000000004,434.11,380.01000000000005,315.72,328.0,407.82000000000005,434.31,429.15999999999997,377.28,390.32,425.21,457.36,481.62,469.22999999999996,615.39,739.0799999999999,944.24,878.23,995.0100000000001,1193.0,1386.48,1483.2500000000002
Brazil,51119.89,58662.11,67357.56999999999,76053.01,84748.44,93443.92,102139.36,110834.81,119530.26000000001,128225.70999999999,141129.91,152270.63,146264.45,183340.47,215779.4,233366.94,239892.01,305530.24,314190.52,337391.09,360735.34,408787.31,456839.26,472977.14999999997,484254.38,497625.67,514828.94999999995,514843.0,549280.0,620538.0,685746.0,719507.0,800652.18
British Virgin Islands,13.69,12.49,13.72,11.82,13.52,12.06,13.2,12.540000000000001,92.93,95.27,98.14,22.23,21.32,17.5,13.17,11.559999999999999,10.95,12.03,12.65,20.14,14.34,130.06,123.78,127.76,11.299999999999999,13.19,17.57,17.29,11.049999999999999,7.61,10.97,16.91,16.91
Brunei Darussalam,120.32,132.63,139.82999999999998,171.09,197.87,237.60999999999999,261.03000000000003,260.42,245.64,216.71,197.69,182.68,173.76999999999998,282.15000000000003,337.72,338.5,215.14,139.32,120.85000000000001,142.16,158.79999999999998,174.79,168.45,176.17,186.37,172.01,146.95,142.26,157.03000000000003,216.06,286.01,288.69,290.03000000000003
Bulgaria,3906.0,3906.0,3906.0,3777.2499999999995,3648.5,3519.75,3391.0000000000005,3262.25,3133.5,3004.75,2876.0,2747.25,2618.5,2489.75,2361.0,2232.25,2103.5,1974.75,1846.0,1717.2500000000002,1588.5,1459.75,1331.0,1196.2600000000002,1002.03,1541.93,3759.1400000000003,3383.03,5044.05,6660.0,4225.97,4480.89,4422.6
Burkina Faso,513.9,513.9,513.88,513.89,513.9,498.52,661.12,913.75,1170.7,1023.48,750.45,558.5,762.4200000000001,1060.24,1386.94,1580.79,1808.8700000000001,1759.3500000000001,1528.0800000000002,1166.26,1042.53,1059.25,1254.5700000000002,1560.0,1781.4099999999999,2046.3899999999999,2646.16,2938.26,3123.4,2793.4500000000003,2848.95,3037.81,3132.2599999999998
Burundi,92.08,92.08,92.08,96.99,84.44999999999999,144.2,207.1,117.55999999999999,107.29,150.24,109.87,72.56,98.1,263.7,508.26,304.83,190.51,412.65999999999997,456.44,177.75,264.53,75.64,98.59,956.06,74.49,72.74,50.260000000000005,50.260000000000005,50.260000000000005,50.260000000000005,50.260000000000005,50.260000000000005,50.260000000000005
Cabo Verde,1.0,1.0,1.0,1.0,2.0,0.68,0.5,1.74,7.029999999999999,11.0,7.0,5.0,5.0,5.0,5.0,5.0,5.0,5.0,5.0,5.0,5.0,5.0,5.0,5.0,5.0,5.0,5.0,5.0,5.0,5.0,5.0,5.0,5.0
Cambodia,480.54999999999995,480.55,480.54999999999995,480.55,480.54999999999995,480.55,480.55,480.54,480.54,480.55,444.75,427.68,412.46000000000004,420.87,404.5,443.99,532.64,732.64,773.9300000000001,938.78,1198.32,1672.98,2386.97,3287.85,4338.91,5091.41,4594.57,5330.55,7719.7,11862.53,15399.45,17390.38,18385.83
Cameroon,2227.46,1503.7,1843.8100000000002,1245.32,646.8399999999999,48.35,180.07999999999998,630.12,258.02,653.0,545.0,687.0,2191.23,2243.7400000000002,2525.18,2254.6600000000003,2752.9,2819.88,2594.81,2319.21,3470.3999999999996,3964.2400000000002,4010.74,4536.14,5479.55,5838.139999999999,4831.12,7068.639999999999,7321.6,8194.82,10660.81,9905.77,9905.77
Canada,29568.0,29477.5,29387.0,29296.5,29206.0,32234.969999999998,35263.94,38292.909999999996,41321.89,44350.86,39718.43,38501.0,34264.57,35628.14,36163.71,36382.29,36585.61,45146.450000000004,53707.3,54529.399999999994,61049.99999999999,62107.2,73508.9,81659.8,76314.0,75318.3,90926.0,98304.0,87632.0,78893.0,92960.0,97692.0,97692.0
Cayman Islands,569.33,569.3299999999999,569.3399999999999,569.33,569.33,569.33,569.33,569.33,569.33,569.34,569.33,569.33,569.34,569.33,569.33,569.34,569.34,569.3299999999999,569.33,569.32,569.32,569.35,569.34,569.33,569.33,569.3299999999999,569.33,569.34,569.33,594.24,644.03,693.8100000000001,718.7099999999999
Central African Republic,153.14000000000001,110.99999999999999,72.02,54.67,92.11,120.81,119.5,103.87,82.22,70.05,42.019999999999996,26.58,21.22,35.32,38.809999999999995,31.0,21.22,37.92,44.9,52.46,48.13,48.7,36.68,27.88,20.97,24.4,41.08,44.74,55.099999999999994,48.800000000000004,63.279999999999994,203.88,274.2
Chad,60.28,60.27,60.28,60.279999999999994,60.28,57.86,55.440000000000005,53.019999999999996,53.02,53.02,53.02,53.02,53.02,53.02,53.03,53.04,53.06,53.080000000000005,53.1,53.120000000000005,53.14,52.25,50.45,47.74,45.019999999999996,43.660000000000004,43.65,44.98,46.31,47.63999999999999,48.98,50.31,50.97
Chile,3368.91,3356.0,3179.21,3175.1499999999996,3293.86,3678.63,4511.6,4903.71,4917.4,4578.98,4802.36,5125.77,5643.25,5549.19,5917.47,6429.070000000001,6554.88,6537.68,6468.860000000001,7013.7,6895.42,7027.67,7420.7300000000005,8059.7699999999995,8359.48,9651.25,11816.85,13564.0,13039.24,12943.95,14129.039999999999,16996.84,18430.74
China,154626.51,154600.92,160987.88,169583.2,194845.25,215277.04,225428.12,235141.75,241540.65,261009.19999999998,250631.61000000002,249212.91,258217.77999999997,260473.57,271520.95,284981.41,299316.26,315919.86,324563.86,331298.46,339849.77999999997,345719.28,350468.62,351036.72,349219.95,346087.18,338311.7,323252.77,294682.45,273569.5,258757.95,244869.5,235760.35
"China, Hong Kong SAR",115.0,95.0,84.0,74.0,71.0,45.0,45.4,45.8,46.2,46.6,47.0,53.0,84.0,90.0,51.0,45.0,48.0,45.0,55.0,46.0,41.0,63.0,56.0,57.0,58.0,51.0,65.0,58.0,68.0,55.0,55.0,45.0,50.0
"China, Macao SAR",98.01,92.4,91.33999999999999,89.10999999999999,97.82,93.8,89.08000000000001,67.03,65.36,53.800000000000004,56.72,50.18,63.239999999999995,93.26,142.91,134.82,108.28999999999999,59.95,62.25,69.29,77.53,84.67,93.66,122.75,148.53,177.65,202.54000000000002,225.86,242.99,265.51,309.5,399.44,444.4
"China, Taiwan Province of",9954.0,9954.0,9954.0,9954.0,9954.0,9954.0,9954.0,9364.0,8931.0,11441.0,9007.0,8476.0,10547.0,10143.0,9703.0,9228.0,9014.0,9492.0,8780.0,8589.0,7850.0,8254.0,9396.0,9632.0,8619.0,9296.0,9504.0,10549.0,10549.0,10549.0,10549.0,10549.0,10549.0
"China, mainland",144459.51,144459.51,150858.55,159466.09000000003,184722.44999999998,205184.22,215339.62000000002,225664.88999999998,232498.08000000002,249467.78999999998,241520.91,240633.74000000002,247523.55,250147.34,261624.05,275573.56,290145.99,306322.89,315666.60000000003,322594.16000000003,331881.25,337317.58999999997,340922.95,341224.97,340394.41,336562.56,328540.17,312419.89,283822.47000000003,262700.0,247844.44,233876.05000000002,224716.93
Colombia,18058.29,16817.0,15305.94,14961.81,17051.34,20156.23,18080.62,16005.0,60687.0,66088.0,75843.0,85515.29999999999,84023.26,88772.15,105514.19,117881.44999999998,98328.63,82439.06,48538.97,51435.13,48618.46,53797.0,48727.73,54563.38,73744.34,33689.3,32392.0,37699.0,37773.0,69862.0,36711.0,39324.0,78230.75
Comoros,13.73,13.73,13.73,13.73,13.73,17.72,19.619999999999997,19.44,15.09,12.66,11.8,11.1,8.36,5.49,2.61,2.37,4.94,8.25,14.96,19.689999999999998,25.39,25.37,20.41,16.169999999999998,9.620000000000001,15.02,15.690000000000001,20.669999999999998,21.22,26.19,33.17,37.410000000000004,39.53
Congo,40.910000000000004,47.9,65.36,104.41999999999999,156.45,204.98000000000002,238.89,259.86,280.83,301.78000000000003,322.75,343.72,364.70000000000005,385.65000000000003,406.62,427.59000000000003,448.56,424.38,462.82,480.21000000000004,598.78,652.53,769.99,858.06,802.96,691.46,499.65,463.12,471.08,579.28,724.1999999999999,831.39,884.99
Cook Islands,9.98,9.98,9.97,12.23,14.99,15.67,13.23,9.42,10.559999999999999,12.45,15.129999999999999,15.92,18.380000000000003,20.42,20.75,19.89,19.89,20.38,20.19,17.400000000000002,15.66,14.209999999999999,14.96,14.950000000000001,14.950000000000001,14.950000000000001,14.950000000000001,14.950000000000001,14.950000000000001,14.950000000000001,14.950000000000001,14.950000000000001,14.950000000000001
Costa Rica,1447.15,1447.15,1447.15,1447.15,1475.1299999999999,1503.12,2747.79,4104.66,7898.0,11090.5,14283.0,10704.0,11044.44,11384.84,11725.29,12065.72,12406.13,12746.56,13317.0,12306.67,14241.44,12810.85,12575.2,12339.56,12103.91,11868.26,11632.619999999999,11396.98,10284.52,11866.609999999999,11842.31,9172.33,9127.85
Croatia,,,2304.0,2675.3199999999997,3046.6800000000003,3418.0,3148.0,3041.6400000000003,2935.27,2828.9100000000003,2722.53,2616.17,2509.8,2403.44,2297.06,2183.96,2213.84,2079.22,2452.61,2134.99,1605.37,1682.3100000000002,1759.27,2006.44,2119.05,2310.94,1861.2,1577.4,1697.66,1563.81,1655.09,1469.65,1507.67
Cuba,4188.73,4188.73,4188.72,4188.72,4188.7300000000005,4188.72,4188.73,4188.7300000000005,4188.74,3874.5099999999998,3656.65,3456.23,3118.26,2979.76,3115.17,3539.46,3685.43,3557.6299999999997,3610.3,3662.95,3715.62,3768.29,3820.9500000000003,3873.6099999999997,3926.27,3978.95,3549.18,3111.54,2656.3500000000004,2666.02,2666.02,2666.02,2666.0299999999997
Cyprus,2184.5099999999998,1970.7099999999998,1695.53,2044.07,2518.2,2030.77,2417.19,2224.0899999999997,1731.14,1238.17,745.22,864.51,1060.57,796.44,717.29,678.16,861.02,534.88,477.76,728.61,632.48,1324.6299999999999,1266.22,1249.1100000000001,1216.46,1056.71,1141.74,1162.69,1183.6100000000001,1230.77,1190.58,1104.01,1009.8
Czechia,,,,3545.1,3593.15,3757.2,3631.1,4085.0299999999997,4351.03,4242.02,4533.04,4649.12,4977.62,4590.0,5318.4400000000005,5384.76,5693.110000000001,6194.49,5440.0,4759.9,4957.4,5306.06,5345.4,6188.57,5663.38,6310.84,5942.72,5248.37,5178.120000000001,5052.76,4359.75,4479.83,5542.76
Czechoslovakia,9838.77,9838.75,9838.76,,,,,,,,,,,,,,,,,,,,,,,,,,,,,,
CÃ´te d'Ivoire,16.0,16.0,16.0,16.0,143.0,134.0,106.4,102.38999999999999,98.37,94.35,90.36,86.34,82.32,78.3,74.29,70.27,66.25,62.25,58.23,54.22,50.2,46.19,42.17,38.160000000000004,34.15,30.13,26.12,22.11,29.34,92.26,88.55999999999999,22.859999999999996,22.859999999999996
Democratic People's Republic of Korea,,,,,,,,,,,,,,,,,,,,,,,,,,0.0,0.0,0.0,0.0,,,,
Democratic Republic of the Congo,1105.73,1105.72,1105.71,1105.72,1105.71,1105.73,1105.73,1105.73,1105.72,1105.72,1105.73,1105.73,1105.72,1105.72,1105.73,1105.73,1105.73,1105.72,1105.72,1105.73,1105.72,1105.72,1105.73,1105.74,1105.72,1129.85,1113.59,1081.55,1045.34,1013.69,961.9,952.85,948.33
Denmark,5650.0,4628.0,4566.0,4103.0,3922.0,5043.0,3672.0,3679.0,3623.0,2867.0,3174.0,3311.0,2868.0,2954.0,2899.0,3246.0,3212.0,3336.0,4145.0,2836.0,3894.0,4549.74,5959.62,4197.96,1823.04,2585.1800000000003,2588.59,2708.1,2647.14,2660.86,3168.4700000000003,2975.54,3375.1
Djibouti,20.5,20.47,20.39,20.26,20.15,20.04,19.94,19.81,19.700000000000003,19.580000000000002,19.46,19.35,19.23,19.11,18.98,18.88,18.76,18.64,18.54,18.45,18.41,18.41,18.41,18.41,18.41,18.42,18.4,18.41,18.419999999999998,18.4,18.41,18.4,18.400000000000002
Dominican Republic,4971.0,4971.0,4971.0,4971.0,4971.0,3449.0,3493.0,3846.0,4375.0,4728.5,5082.0,7182.0,4018.07,854.14,3713.9599999999996,3515.56,4116.45,5689.799999999999,5409.43,5975.25,6316.61,6384.2300000000005,6451.83,6519.44,6587.03,5028.429999999999,5874.45,6815.45,7069.45,5570.83,4072.2400000000002,2573.63,1983.6
Ecuador,2537.0,2377.0,2012.0,1844.0,2670.0,2658.0,2407.0,7612.0,21500.0,14216.0,17948.0,7344.0,1302.49,30634.530000000002,29799.84,18391.230000000003,7953.42,14156.16,15396.140000000001,9666.869999999999,31637.12,17529.44,11469.74,6471.7699999999995,33573.94,44564.66,39239.6,37808.0,37408.2,34081.3,17868.54,1655.79,2350.0299999999997
Egypt,13214.0,8255.0,6156.0,4175.0,4283.01,4390.99,4499.0,4607.01,4714.99,4823.0,4931.01,5038.99,5147.0,5255.01,5362.99,5471.0,9781.0,9105.0,9527.0,9013.0,11590.0,12945.0,13991.0,13653.0,11363.0,8043.71,11523.61,8107.45,11277.41,12909.11,11747.64,10545.470000000001,9468.630000000001
El Salvador,2524.0,4096.0,3940.77,3785.54,3630.31,3475.09,3319.85,3164.63,3009.3900000000003,2854.15,2698.9300000000003,2543.69,2388.47,2233.2400000000002,2078.01,1922.78,2265.72,1940.7800000000002,3899.48,3333.88,3598.59,3231.1299999999997,2595.16,6005.08,5638.2300000000005,1747.3500000000001,1419.2,3133.73,2955.69,2525.7200000000003,3098.7,3793.4,3793.4
Equatorial Guinea,3.1300000000000003,3.0500000000000003,2.8800000000000003,19.279999999999998,52.25,59.44,50.510000000000005,24.709999999999997,24.419999999999998,23.400000000000002,17.18,11.850000000000001,9.29,18.55,30.52,60.83,128.41,155.9,163.39000000000001,169.8,180.22,204.4,185.07,176.78,156.56,108.83,85.89,62.18,72.25999999999999,77.88,80.17,78.25,77.3
Eritrea,,,,4.44,4.44,4.44,4.44,30.92,19.61,22.279999999999998,24.96,27.63,27.63,27.63,27.63,27.63,27.63,27.63,27.63,27.63,27.63,27.63,27.63,27.63,27.63,27.63,27.63,27.63,27.63,27.63,27.63,27.63,27.63
Estonia,,,469.0,170.0,176.0,154.0,133.0,200.0,195.0,187.0,315.0,329.0,331.0,323.0,351.0,386.0,452.0,460.0,551.0,402.0,514.0,460.0,553.0,567.79,596.4,594.55,713.79,700.0699999999999,636.07,745.15,766.8599999999999,885.9300000000001,763.5600000000001
Eswatini,741.5600000000001,741.56,741.56,741.58,741.5699999999999,741.5799999999999,741.5699999999999,692.74,680.5899999999999,566.75,551.51,452.65999999999997,757.61,962.56,1262.12,1091.99,847.79,438.26,199.05,185.24,484.39,587.21,581.59,462.21000000000004,522.76,582.0600000000001,680.43,863.4399999999999,1039.6,1148.1599999999999,1238.7,1344.6,1397.56
Ethiopia,,,,242.0,242.0,242.0,383.0,383.0,383.0,492.5,602.0,630.0,822.67,1015.35,1208.02,1400.7,2603.1,2593.9,2270.6,3699.2000000000003,4128.099999999999,4128.099999999999,4128.099999999999,4128.099999999999,4128.099999999999,4128.099999999999,4128.099999999999,4128.099999999999,4128.099999999999,4128.099999999999,4128.099999999999,4128.099999999999,4128.099999999999
Ethiopia PDR,1275.3,1037.31,366.17,,,,,,,,,,,,,,,,,,,,,,,,,,,,,,
Falkland Islands (Malvinas),2.68,2.68,2.64,2.5500000000000003,2.39,2.26,2.13,1.97,1.84,1.7,1.57,1.4300000000000002,1.3,1.1600000000000001,1.02,0.87,0.74,0.6,0.46,0.37,0.32999999999999996,0.32999999999999996,0.32,0.32,0.32,0.32999999999999996,0.32999999999999996,0.32999999999999996,0.32,0.32,0.32,0.32,0.32
Faroe Islands,18.560000000000002,22.66,22.78,21.71,21.78,22.049999999999997,21.99,22.73,21.6,20.81,20.1,19.57,19.14,18.94,18.63,18.47,18.32,18.26,18.35,18.240000000000002,18.31,18.6,18.64,18.73,19.07,19.229999999999997,21.43,21.56,20.98,22.25,23.32,23.32,23.32
Fiji,125.75,676.34,115.81,137.57,159.33,181.09,202.85000000000002,224.60999999999999,246.38,268.14,289.90000000000003,311.65999999999997,333.41999999999996,355.18,376.95,398.71,420.46999999999997,442.23,463.99,557.62,602.35,579.86,647.28,578.65,762.27,687.3,612.35,612.35,612.35,612.35,612.35,612.35,612.35
Finland,4254.58,3756.54,4054.17,4103.38,3970.65,2368.26,2485.12,3128.15,4053.56,4180.639999999999,3608.08,4077.46,4731.01,4735.83,4765.83,4956.24,5254.09,4064.95,3806.2,4804.83,3806.97,4043.94,4283.01,3274.86,3488.27,3991.06,4591.6,4365.9,4901.63,4034.1600000000003,4916.95,4099.76,3327.28
France,97701.0,103434.0,85249.0,91953.0,89515.0,84011.0,97890.0,109792.0,107753.0,114695.0,97878.0,99694.0,82448.0,74531.0,76099.0,78265.0,71612.0,77255.0,78577.0,63676.0,61903.0,61351.9,63844.29,66757.42,74873.62000000001,66629.34,72076.24,70458.87,83983.13,54303.71,64789.22,69697.52,67874.94
French Polynesia,209.76000000000002,219.07,239.08,255.91,268.9,272.83,287.09,300.53999999999996,312.87,311.73,323.57,332.09,354.59000000000003,344.32,336.27,324.07,331.7,331.03,326.08,310.4,306.27,311.04,322.43,348.12,383.90000000000003,400.77,393.86,373.93,367.35,39.0,45.56,51.839999999999996,22.6
Gabon,195.57999999999998,206.88,234.73000000000002,282.61,328.92,368.44,398.6,416.15999999999997,390.75,368.51,349.46999999999997,330.0,263.88,247.7,362.14,506.83,592.43,559.67,522.02,714.75,817.97,899.4599999999999,803.57,936.1,944.11,1098.17,1105.6299999999999,1327.86,1203.3,1143.68,1058.82,1130.41,1166.19
Gambia,112.0,112.00000000000001,112.00999999999999,112.00999999999999,159.69,190.33,229.88,233.93,229.84000000000003,238.85999999999999,222.83,238.04,261.91,388.06,597.62,865.94,797.4399999999999,671.86,390.23,287.89,260.16999999999996,262.40999999999997,374.39,355.48,366.71,344.28999999999996,407.89,441.88000000000005,541.6700000000001,500.98,418.1,261.44,183.11999999999998
Georgia,,,3081.1,3081.1,3081.1,3081.1,3081.1,3081.1,3081.1,3081.1,3081.1,3081.1,3081.1,3081.1,3081.1,3081.1,3081.1,3081.1,3081.1,3081.1,3081.1,3081.1,3081.1,3081.1,3081.1,1350.99,1481.03,1738.19,2237.2599999999998,2563.75,2862.5,2485.1,2718.6
Germany,31289.0,32006.0,29542.0,25170.0,26330.0,30090.0,31683.0,30414.0,33377.0,30019.0,35273.17,33423.49,34431.72,35539.26,34930.37,36386.270000000004,38540.15,40740.64,43413.01,39289.43,40832.42,44429.93,46204.25,43525.09,46078.29,47850.64,46889.39,48306.979999999996,44960.61,45180.98,47973.6,48712.17,48169.07
Ghana,65.8,65.8,65.8,65.8,65.8,65.8,1575.5,502.0,297.78,114.13,81.63,82.0,92.68,110.14,127.6,173.76,778.0500000000001,129.93,359.45000000000005,386.15000000000003,1389.22,2392.29,3395.37,4398.42,5401.49,8884.390000000001,9286.939999999999,9689.5,9689.5,9689.5,9689.5,9689.5,9689.5
Greece,7420.0,7420.0,7869.0,8826.0,6341.0,6663.0,7296.0,9223.0,10702.0,9635.0,10627.0,10725.0,12753.66,12356.32,13144.98,13958.64,7505.3,7345.7,5130.8,3404.4,5607.7,8189.8,8002.2,10859.67,3907.8399999999997,4179.7,4979.65,4852.34,4860.47,4867.47,4901.42,4711.81,3988.16
Greenland,3.32,3.25,4.0200000000000005,3.68,4.1899999999999995,4.61,5.029999999999999,5.47,5.890000000000001,4.95,3.26,3.7700000000000005,7.329999999999999,13.360000000000001,16.3,16.66,14.120000000000001,11.26,8.77,6.959999999999999,8.33,10.24,11.51,9.469999999999999,7.58,5.12,6.909999999999999,7.3999999999999995,9.53,8.610000000000001,8.62,8.6,8.61
Grenada,143.75,138.59,128.3,120.19,131.67,138.52,131.62,109.3,91.83999999999999,95.76,98.24,94.48,87.31,81.84,99.58,113.91,121.45,215.61,218.38000000000002,212.29,102.92999999999999,80.89,70.86,82.67,96.01,116.65,114.62,119.27,115.22,115.58,110.13999999999999,116.58999999999999,119.81
Guam,18.62,18.62,18.62,18.6,18.619999999999997,18.62,18.61,18.61,18.61,18.610000000000003,18.61,19.12,18.22,15.47,11.29,8.71,7.46,8.16,8.89,10.32,10.14,9.3,7.819999999999999,6.37,4.55,3.22,15.209999999999999,41.12,79.92,98.32,96.08999999999999,59.36,40.99
Guatemala,12004.33,12004.33,12004.33,12004.33,12004.33,12004.33,12004.33,11823.72,11643.09,11462.48,11281.84,11101.23,10920.6,10739.99,11959.92,13506.02,15951.269999999999,22883.17,18091.67,13276.7,14898.25,15727.810000000001,18862.3,19829.4,11438.92,10040.4,11444.490000000002,11302.119999999999,11841.69,11001.99,14242.060000000001,13227.51,14174.98
Guinea,80.0,80.0,80.0,21.0,39.0,153.0,157.33,179.78000000000003,202.24,224.69,247.16,269.61,292.07,314.52,336.96999999999997,359.43,381.9,404.35,426.80000000000007,449.26,556.25,663.2400000000001,770.2,877.19,687.79,425.88,163.96,206.3,108.5,110.5,110.5,110.5,110.5
Guinea-Bissau,32.0,38.0,4.0,25.0,21.0,17.0,13.01,9.0,5.01,1.0,41.5,82.0,82.0,82.0,82.0,82.0,82.0,82.0,82.0,82.0,82.0,82.0,82.0,82.0,82.0,82.0,82.0,82.0,82.0,82.0,82.0,82.0,82.0
Haiti,181.28,157.55,99.75999999999999,95.44999999999999,135.92,178.6,251.23,267.95,396.40999999999997,359.33,371.90999999999997,310.11,392.05,457.46,454.97,434.32,475.68,517.24,748.14,733.38,1037.8700000000001,882.34,866.36,506.84000000000003,393.19000000000005,386.81,465.13,627.65,653.0799999999999,702.68,774.01,864.26,909.39
Holy See,1.73,1.73,1.72,1.71,1.73,1.72,1.73,1.72,1.74,1.74,1.72,1.72,1.73,1.73,1.73,1.73,1.74,1.73,1.7300000000000002,1.72,1.72,1.72,1.72,1.72,1.72,1.73,1.73,1.72,1.73,1.73,1.72,1.73,1.73
Honduras,4576.61,3368.28,5965.38,6768.0,5455.360000000001,7800.0,6464.0,6980.0,3495.0,2387.0,4376.0,1141.0,1772.2900000000002,2403.61,3034.9,3666.22,4297.51,5283.93,5130.42,4344.36,5736.63,6191.45,7194.910000000001,7282.370000000001,7604.05,8113.490000000001,7529.130000000001,8153.2300000000005,8782.6,8214.380000000001,11721.51,10533.17,10533.17
Hungary,12756.0,8069.0,5777.0,10197.0,9574.0,7715.0,6946.0,4445.0,5280.0,4598.0,4151.0,5458.0,8231.5,8725.5,9940.5,9676.0,11523.0,11178.0,12084.0,11144.0,10299.5,8473.26,8141.23,7766.89,8999.08,9482.42,9763.85,9756.220000000001,8537.06,7816.969999999999,8681.09,8860.1,8580.15
Iceland,3.21,3.21,3.21,3.21,3.21,3.21,3.21,3.21,3.21,3.21,4.180000000000001,4.739999999999999,4.0,4.0,6.0,5.0,5.0,5.34,5.7299999999999995,4.37,2.7300000000000004,3.43,3.14,2.41,3.88,4.51,3.4,2.4899999999999998,2.38,0.98,0.66,1.35,2.35
India,75000.0,72133.0,70791.0,66074.0,61357.0,61257.0,56114.0,52279.0,49157.0,46195.0,44957.520000000004,43720.04,42482.56,41245.08,35113.0,35342.0,37423.0,27422.77,14485.33,28707.01,40093.69,40093.69,40093.69,40093.69,40093.69,40093.69,40093.69,40093.69,40093.69,40093.69,40093.69,40093.69,40093.69
Indonesia,113120.56,115478.84999999999,124362.20999999999,126756.02,127382.88,137901.08000000002,141286.54,135253.98,136116.04,137639.96,142709.22,146060.62,154432.41,164929.33,173325.52,178526.94,185738.22,221902.86000000002,258851.68,260714.84000000003,313639.25,206061.71000000002,254912.71000000002,314990.39999999997,253450.88,313069.12,349797.63,279005.69,261305.80000000002,274421.04000000004,213036.32,283297.12000000005,294670.37000000005
Iran (Islamic Republic of),10644.0,16349.0,11683.0,9572.0,10324.0,8746.0,5332.0,6347.88,7363.74,8379.630000000001,9395.48,9007.8,9592.16,10129.47,10015.310000000001,7807.64,8253.48,5922.87,3016.8900000000003,4049.54,4381.59,4713.64,7051.91,6494.23,6590.61,6686.99,6783.35,6871.719999999999,5744.42,4977.43,5855.93,5855.93,5855.93
Iraq,692.0,692.0,692.0,692.0,692.0,816.0,616.0,848.0,755.0,508.0,548.0,837.47,878.68,853.64,828.62,873.01,824.14,1062.61,956.52,850.43,744.3399999999999,638.23,532.15,426.05,396.01,196.75,151.47,214.78,283.99,297.34999999999997,310.71999999999997,324.07,324.07
Ireland,2014.0,2014.0,2014.0,2014.0,2014.0,2152.0,1577.0,2201.0,2257.0,1930.0,1942.21,2333.67,2614.27,2719.41,2978.49,2624.89,2766.64,3083.02,2790.17,2268.1,2529.2,3713.7500000000005,2801.77,2913.0,3353.1400000000003,3503.6200000000003,3112.5299999999997,2942.0,2651.36,2971.76,2909.8099999999995,3090.95,2715.83
Israel,2491.0,2491.0,2491.0,2491.0,2491.0,2491.0,2491.0,2491.0,2491.0,2975.02,3459.04,3943.06,4427.07,4911.099999999999,5395.110000000001,5879.13,6363.14,6847.17,7331.179999999999,6650.0,6753.0,6124.0,6009.0,6005.0,6335.0,6367.0,6093.0,6881.0,7322.0,6983.0,6983.0,6983.0,6983.0
Italy,100596.4,88916.6,88227.6,89282.2,81217.6,84153.0,74617.2,84799.0,84117.0,81583.0,79447.0,75978.0,94211.0,86058.0,83810.0,84647.0,74349.0,80454.0,79643.0,74172.0,71613.0,70690.0,61889.0,55455.01,59235.41,63084.979999999996,59981.880000000005,56825.02,54492.53,48965.28,56924.59,50196.31,44443.42
Jamaica,1217.44,1217.44,1217.44,1217.44,1217.44,1258.99,1316.1100000000001,620.7,1094.84,1332.93,1379.22,1491.75,1372.63,1440.5,1355.1100000000001,1373.22,1243.58,1288.6200000000001,1286.84,1252.0900000000001,1034.18,1108.54,1278.96,1218.47,1138.79,1051.13,1409.1399999999999,1560.6299999999999,1530.51,1500.4,1853.15,1641.6,1641.6
Japan,79821.18000000001,79821.18000000001,79821.18000000001,79821.18000000001,79821.18000000001,79821.18000000001,79821.18000000001,79821.18000000001,79821.18000000001,79821.18000000001,79821.18000000001,78735.45,70262.54,67869.72,64688.88,63829.770000000004,65248.26,61164.07,58750.00000000001,60970.8,55576.0,51796.299999999996,54716.4,52794.299999999996,53543.7,54171.159999999996,51006.0,52248.0,52332.0,51970.0,48889.0,48783.0,50320.0
Jordan,734.0,926.0,1365.0,786.0,773.5,761.0,910.0,875.0,845.0,525.0,553.0,1527.53,1567.8999999999999,1320.9099999999999,737.06,1736.5,1142.43,1351.11,1265.7,1089.5,932.8,1111.9,708.0,1010.0,719.0,666.0,1028.0,1291.4,675.0,662.0,462.25,401.34000000000003,522.01
Kazakhstan,,,17182.0,17182.0,17182.0,13535.0,13047.0,8112.0,6416.139999999999,4720.28,3024.4199999999996,3007.26,3361.84,3606.55,3802.9200000000005,3666.6199999999994,3926.27,5575.889999999999,7044.9,8716.140000000001,6283.85,10656.599999999999,8674.58,8738.380000000001,11158.77,10588.9,10372.100000000002,13811.099999999999,13058.0,13102.4,14492.01,18323.6,8810.6
Kenya,443.57,998.23,1353.73,1432.44,3627.87,3728.01,3964.68,1801.23,2052.83,2124.0099999999998,1979.45,1841.3999999999999,1665.3999999999999,1716.16,1802.0,2085.04,2192.58,1918.85,2157.5299999999997,2181.51,2757.77,3143.66,3970.66,4476.32,4660.69,4764.25,4773.06,5293.41,6073.59,6587.2,6227.900000000001,5464.51,5082.79
Kiribati,2.6,2.59,2.66,2.85,9.69,10.3,10.78,4.3100000000000005,3.7699999999999996,3.8,4.05,4.45,4.86,5.26,6.87,7.120000000000001,8.33,7.78,8.55,9.69,9.77,10.31,10.65,15.729999999999999,20.439999999999998,23.720000000000002,21.52,18.99,20.580000000000002,25.229999999999997,30.9,32.589999999999996,33.45
Kuwait,196.65,278.54,338.59000000000003,499.93,826.27,1117.28,1209.27,1029.18,929.8299999999999,778.46,689.75,813.0,1115.14,1272.6599999999999,1201.18,1137.37,1276.4099999999999,1358.8899999999999,1305.43,1126.95,1222.75,1536.94,1969.4299999999998,2262.9700000000003,2384.54,2034.19,1449.6999999999998,1030.47,1110.0,1341.31,1493.36,1410.98,1369.82
Kyrgyzstan,,,2418.0,2200.86,1983.73,1766.6,1549.45,1332.31,1115.17,898.0500000000001,680.9000000000001,609.6,733.2,1302.6,1321.3,1081.1,796.0,1026.2,662.8000000000001,266.79999999999995,350.1,312.9,365.1,341.1,402.6,516.0,533.0,560.0,608.0,677.3,692.6,608.0,578.1999999999999
Lao People's Democratic Republic,21.0,21.0,21.0,46.0,35.59,25.200000000000003,14.79,4.38,0.66,0.97,1.2799999999999998,1.7899999999999998,2.3,2.82,3.31,3.82,4.33,0.44,0.07,25.67,1.8299999999999998,43.8,43.53,125.88999999999999,3.0,50.379999999999995,97.74,145.11,187.31,187.31,187.31,187.31,187.31
Latvia,,,1005.0,476.0,294.0,358.0,361.0,334.0,369.0,326.86,284.72,367.4,335.31,477.63,594.46,723.54,743.5699999999999,1113.49,1033.0,881.2,1027.5,1074.0,1281.04,1250.5,1422.55,1510.13,1724.63,1478.4299999999998,1586.99,1650.67,1900.41,1984.44,1817.27
Lebanon,1221.0,1221.0,1221.0,1221.0,1221.0,1221.0,1221.0,1816.0,1816.0,1816.0,1816.0,1816.0,1816.0,1816.0,1816.0,1816.0,1816.0,1816.0,1816.0,1816.0,1816.0,1816.0,1816.0,1816.0,1816.0,1816.0,1816.0,1816.0,1816.0,1816.0,1816.0,1816.0,1816.0
Lesotho,5.49,5.49,5.49,5.49,5.49,5.49,5.49,5.46,4.57,2.7800000000000002,6.66,8.92,29.03,26.740000000000002,29.049999999999997,14.56,20.09,22.21,19.13,13.889999999999999,7.15,14.38,15.120000000000001,22.310000000000002,16.830000000000002,54.870000000000005,74.67999999999999,83.52000000000001,67.36,113.36,221.62,239.53,248.48000000000002
Liberia,140.54,139.81,138.32,136.83,135.35,129.13,122.63,110.31,96.91,78.7,67.91,63.199999999999996,63.699999999999996,84.03,112.57,175.27999999999997,297.8,382.14,424.72,422.04,493.30999999999995,578.61,658.96,732.24,793.9300000000001,648.86,661.24,685.53,895.86,938.44,1001.0300000000001,1019.12,1028.15
Libya,2612.1600000000003,2486.16,2234.1099999999997,2181.75,2129.33,2076.92,2024.5,1555.56,1107.31,681.57,693.3299999999999,864.8399999999999,1194.29,2388.58,3125.75,3405.81,2523.38,1987.5900000000001,2089.98,2264.6,2312.49,1942.03,1719.24,1496.43,1273.63,1050.83,842.6,754.82,1052.6,1410.08,1721.37,1721.37,1721.37
Lithuania,,,1380.0,936.0,713.0,737.0,979.0,928.0,812.0,695.0,688.06,726.09,792.6000000000001,847.2,1023.6,1048.5,1197.0,2722.82,2722.55,2748.7999999999997,1803.77,2062.3399999999997,2559.9,2513.12,2545.59,2741.0299999999997,3336.15,2993.47,2048.59,2317.6,2558.76,2587.98,3578.54
Luxembourg,,,,,,,,,,,154.24,154.24,154.24,154.24,154.24,154.24,154.24,154.24,154.24,154.24,154.24,154.24,203.16,157.01,143.69,137.6,159.93,139.51,139.62,133.03,138.93,122.71,121.86
Madagascar,128.41,131.0,101.06,109.41000000000001,76.15,73.08,152.01,139.89,88.26,49.52,130.46,87.59,240.84,146.76,68.00999999999999,114.51,109.39,93.88,112.11,143.9,241.89,310.35999999999996,377.71,507.94,453.91,401.39,493.53999999999996,642.78,705.85,746.0500000000001,765.8299999999999,701.11,834.2
Malawi,171.79,171.79,171.79,171.79,171.79,171.79,171.79,171.79,136.10999999999999,125.38,210.45000000000002,169.91,129.35,88.82,48.28,295.51,202.35,524.46,624.52,736.25,584.12,553.57,775.8299999999999,1500.27,2358.0099999999998,2218.22,2078.4300000000003,1938.63,1798.84,1659.0400000000002,1519.26,1420.24,2035.7399999999998
Malaysia,23818.21,23887.53,24701.079999999998,26701.610000000004,26776.039999999997,27591.5,28062.829999999998,28601.08,27143.54,29260.609999999997,30205.56,30978.86,31620.89,34047.02,36017.340000000004,37579.43,39407.94,46869.82000000001,54823.37,52465.65,60196.29,41563.63,49810.479999999996,61445.59,49199.44,63307.64000000001,67329.5,50762.5,44114.0,47805.0,36076.89000000001,45671.0,25608.620000000003
Maldives,38.03,38.03,38.03,38.03,38.04,38.559999999999995,41.150000000000006,93.83999999999999,98.30999999999999,125.07,74.43,76.96000000000001,54.81000000000001,59.72,60.48,114.43,127.39999999999999,124.91,69.27,62.78,75.25999999999999,84.32000000000001,83.82000000000001,94.35,110.82,127.82999999999998,571.89,628.16,755.33,395.32,376.46000000000004,372.05,369.83
Mali,253.7,147.68,98.08,92.33,86.57,80.82,75.06,69.31,63.550000000000004,57.800000000000004,52.04,46.29,40.53,34.78,29.02,23.27,17.33,12.31,19.04,8.440000000000001,8.09,6.83,3.75,3.75,3.75,3.75,3.75,3.75,3.75,3.75,3.75,3.75,3.75
Malta,326.48,326.48,326.48,326.48,447.26,210.33999999999997,154.0,258.38,260.8,138.79000000000002,181.92000000000002,111.77000000000001,113.25,114.74000000000001,116.21000000000001,117.67999999999999,119.17,120.65,117.17,113.67999999999999,110.19,106.7,137.88,134.93,110.12,128.72,89.67999999999999,107.58,90.06,75.6,95.83,70.76,70.01
Mauritania,71.25,71.25,61.32,45.83,24.74,17.03,15.59,20.4,22.46,24.509999999999998,26.59,24.519999999999996,24.32,50.230000000000004,56.010000000000005,54.45,33.47,39.33,46.199999999999996,46.58,61.65,76.32,161.91,236.29999999999998,290.72999999999996,288.3,293.90999999999997,333.76,381.09,393.89,376.88,420.97999999999996,443.04
Mauritius,889.0,817.3,745.6,673.89,602.19,663.88,625.89,710.24,640.7800000000001,616.9,643.6700000000001,723.23,770.35,858.67,815.02,844.8499999999999,897.02,778.98,875.11,894.07,916.52,887.38,810.11,857.41,843.62,907.29,917.04,844.26,771.49,754.73,708.5500000000001,705.3000000000001,867.77
Mayotte,29.12,29.13,29.11,29.13,29.12,29.130000000000003,29.12,29.13,29.109999999999996,29.12,33.31,46.39,52.9,55.39,51.04,69.97,70.98,69.98,52.29,52.28,52.29,52.29,52.29,52.3,52.3,52.29,52.300000000000004,52.29,52.29,52.29,52.27,52.28,52.29
Mexico,26624.98,26624.98,26624.98,26624.98,26624.98,26624.98,26624.98,26624.98,26624.98,26624.98,26624.98,23371.7,11535.82,16285.16,18507.68,39171.9,38402.66,50894.34,50154.53,50327.9,52305.13,53219.63,49213.67,47551.149999999994,43028.74,48292.99,47421.33,50801.94,53144.44,19871.11,19250.44,19767.32,19613.510000000002
Micronesia (Federated States of),,19.740000000000002,19.74,19.75,19.75,19.74,19.740000000000002,19.73,19.74,19.740000000000002,19.740000000000002,19.73,19.73,18.82,17.310000000000002,16.57,15.659999999999998,15.54,13.129999999999999,11.92,11.32,13.239999999999998,13.81,13.549999999999999,12.270000000000001,12.25,12.259999999999998,12.26,12.260000000000002,12.26,12.27,12.27,12.27
Mongolia,115.7,115.7,115.7,115.7,115.7,115.7,115.7,115.7,115.7,115.7,115.7,115.7,115.7,115.7,115.7,115.7,115.7,115.7,115.7,115.7,115.7,115.7,615.61,1115.5200000000002,1615.4299999999998,2115.34,2615.25,3115.1600000000003,3615.07,4114.98,4614.89,5114.8,5114.8
Montenegro,,,,,,,,,,,,,,,,,0.67,0.67,0.67,0.67,66.12,75.12,71.12,82.12,90.12,76.12,90.12,98.89,92.51,102.07000000000001,118.58,110.81,94.1
Montserrat,14.92,14.91,14.93,14.91,14.920000000000002,14.93,14.93,14.93,14.91,13.9,13.82,12.38,13.600000000000001,14.010000000000002,15.8,15.4,15.48,17.349999999999998,20.98,22.279999999999998,20.1,17.41,16.53,17.0,18.02,18.11,18.0,18.0,17.38,17.89,17.66,17.29,17.11
Morocco,9364.0,9771.15,10178.28,10585.43,10992.57,11399.72,11806.85,12214.0,12621.15,13028.28,13435.43,13842.57,14249.720000000001,14656.849999999999,15064.0,13966.0,13697.0,13697.0,13697.0,13697.0,13697.0,13697.0,13697.0,13697.0,13697.0,13697.0,13697.0,13697.0,13697.0,13697.0,13697.0,13697.0,13697.0
Mozambique,102.26,102.26,102.26,102.26,102.26,72.19,65.85,60.629999999999995,86.62,112.61999999999999,138.62,164.63,190.62,216.61,242.61,268.61,294.59999999999997,320.59000000000003,346.61,372.6,398.6,424.59,450.6,476.59,502.59999999999997,528.58,554.5799999999999,580.59,1154.8500000000001,1729.1100000000001,2215.55,2932.5699999999997,3048.16
Myanmar,209.08,114.0,151.18,160.33,190.0,264.76,137.23999999999998,145.54,282.87,420.21999999999997,557.55,694.89,949.06,858.9399999999999,1042.39,1448.85,3872.16,3329.6699999999996,2210.36,1091.08,3340.09,4642.42,3044.78,2898.2,5417.8,7690.63,12092.0,17274.0,15326.0,17337.49,11748.9,11748.9,11748.9
Namibia,573.54,573.54,573.55,573.54,573.55,573.54,573.54,573.54,573.54,573.54,1322.16,1346.48,1258.85,398.58000000000004,284.18,354.68,405.21000000000004,475.21,577.63,598.35,656.75,576.76,617.66,777.84,823.84,931.1200000000001,804.1600000000001,861.24,835.82,909.63,1009.6800000000001,1163.02,1239.7
Nauru,22.65,17.82,18.599999999999998,9.11,7.83,5.28,3.38,2.63,2.59,3.6799999999999997,4.56,7.909999999999999,6.94,5.9,1.5900000000000003,0.7300000000000001,0.22999999999999998,0.44999999999999996,0.58,0.53,0.34,0.42999999999999994,0.7600000000000001,1.8099999999999998,2.88,3.6,2.61,2.4699999999999998,3.99,5.8100000000000005,6.2299999999999995,6.85,7.169999999999999
Nepal,60.11,60.11,60.11,60.11,60.11,60.11,70.44,80.75,91.08,101.39999999999999,111.71,122.03,132.35999999999999,142.67,153.0,127.99,128.73000000000002,344.06,353.43,209.52,332.01,342.92,410.31999999999994,454.53,549.1700000000001,573.97,632.76,691.52,750.3100000000001,809.09,681.5,783.14,1175.49
Netherlands (Kingdom of the),9729.0,9338.0,9030.0,10505.0,8646.0,10213.0,8923.0,8812.0,10579.0,9682.0,11382.84,9424.73,9700.44,9550.039999999999,10655.4,10703.85,10461.35,12073.15,10777.08,9857.2,9586.03,12365.81,12763.71,10685.59,10618.56,9957.69,10764.57,10549.85,9366.130000000001,9199.84,9866.869999999999,9346.73,8732.21
Netherlands Antilles (former),185.06,190.78,198.04,206.8,211.35,215.87,220.42,224.97,229.52,234.07,238.6,243.16000000000003,247.69,256.90999999999997,270.81,266.87,248.92,231.77999999999997,231.0,238.02,238.02,,,,,,,,,,,,
New Caledonia,324.46,324.46,324.46,324.46,324.46,324.46,324.46,313.11,276.21999999999997,251.45,221.0,235.08,250.35,266.97,259.45000000000005,242.43999999999997,235.15,239.92,241.71999999999997,240.23,244.61,239.49,249.88,246.82999999999998,252.92,252.78,253.29,253.3,252.84,63.5,84.44999999999999,44.44,27.49
New Zealand,3740.0,3740.0,3740.0,3739.0,3515.0,3904.0,3499.0,3550.08,3055.16,2535.3,3634.3,3333.2,4369.2,4090.2,4249.2,4257.2,4587.2,5138.2,6056.2,5285.2,5285.2,5285.2,5285.2,5285.2,5285.2,5285.2,5285.2,5285.2,5285.2,5285.2,5285.2,5285.2,5285.2
Nicaragua,575.0,575.0,575.0,977.0,799.0,876.0,2041.7,3207.4,4373.1,4097.16,3925.63,3603.5,5475.55,5850.8,5299.06,9391.92,6889.26,9850.26,10173.91,9387.95,12242.19,4932.05,4413.82,6705.5,6826.97,7845.9,7682.29,7902.16,6993.71,7808.099999999999,15658.339999999998,13709.789999999999,12906.55
Niger,62.0,62.0,62.0,62.0,62.0,62.0,22.0,34.0,36.0,26.0,62.0,31.0,29.44,27.88,26.31,24.75,21.12,30.57,12.04,7.32,11.49,10.59,21.37,27.94,34.51,41.09,47.66,32.76,17.86,22.13,19.69,34.79,25.73
Nigeria,3445.23,2508.1,1717.51,948.79,1139.08,2160.96,4196.14,9991.77,9588.02,8071.44,3879.78,4716.88,7238.52,9498.880000000001,12797.75,15335.75,13557.33,9729.19,11510.93,18095.71,26872.78,31079.260000000002,33968.13,40668.25,36120.97,31255.22,26751.43,36466.57,47121.310000000005,53953.79,57268.93,57638.020000000004,57822.56
Niue,0.35000000000000003,0.37,0.29,0.3,0.7700000000000001,1.5700000000000003,2.12,2.14,1.8199999999999998,2.53,3.29,4.53,3.3899999999999997,4.7700000000000005,4.78,5.97,4.1899999999999995,3.48,7.63,6.73,6.470000000000001,0.9299999999999999,0.84,0.01,1.1,1.0899999999999999,1.94,1.74,2.4299999999999997,2.26,2.0100000000000002,2.4,2.6
Norfolk Island,0.9299999999999999,1.6700000000000002,1.7399999999999998,1.6,0.9199999999999999,1.09,1.97,2.78,2.9699999999999998,3.36,3.11,3.52,2.86,2.36,1.91,1.43,1.4,1.07,1.15,0.97,2.39,2.05,1.8599999999999999,0.54,1.2,1.6400000000000003,1.8099999999999998,1.6199999999999999,1.7899999999999998,1.7899999999999998,1.89,2.17,2.29
North Macedonia,,,970.0,659.0,540.0,573.0,556.0,507.0,529.0,412.5,296.0,175.0,240.0,210.0,262.0,149.0,327.0,119.0,85.0,98.0,98.0,98.0,98.0,98.0,98.0,98.0,98.0,98.0,98.0,98.0,98.0,98.0,98.0
Northern Mariana Islands,,2.1799999999999997,2.17,2.17,2.17,2.17,2.29,2.58,2.98,3.4099999999999997,3.8000000000000003,4.21,4.63,5.050000000000001,5.45,5.87,6.2700000000000005,6.68,7.1,7.51,7.91,8.33,8.73,9.129999999999999,9.549999999999999,9.959999999999999,10.38,10.79,11.200000000000001,11.6,12.02,8.16,6.249999999999999
Norway,1183.0,760.0,767.9,749.0,848.0,913.14,698.25,735.43,934.02,802.02,348.24,512.66,799.1899999999999,668.51,827.45,518.94,696.3399999999999,722.07,800.9,534.5600000000001,698.98,823.96,813.93,761.97,861.21,631.03,676.0,671.0,614.0,604.0,688.0,710.0,762.0
Oman,42.64,32.39,127.19,103.67,80.13000000000001,83.19,86.27000000000001,285.02,298.48,171.93,45.38,66.44,87.48,108.54,129.6,150.64,171.7,192.75,213.8,234.85,255.91,292.32,339.07,439.4,409.78999999999996,333.47,346.75,275.47999999999996,204.23000000000002,304.83,294.53999999999996,284.25,414.78999999999996
Pacific Islands Trust Territory,20.88,,,,,,,,,,,,,,,,,,,,,,,,,,,,,,,,
Pakistan,16479.0,16479.0,16479.0,16479.0,16479.0,16479.0,16479.0,16479.0,17619.0,19470.0,26702.0,26702.0,26702.0,26702.0,26702.0,26702.0,26702.0,26702.0,26702.0,26702.0,26702.0,26702.0,26702.0,26702.0,26702.0,26702.0,26702.0,26702.0,26702.0,26702.0,26702.0,26702.0,26702.0
Palau,,7.16,7.140000000000001,7.16,7.1499999999999995,7.15,7.14,7.15,7.15,7.140000000000001,7.14,7.15,7.14,7.14,7.14,7.140000000000001,7.140000000000001,6.260000000000001,5.49,4.3100000000000005,4.67,4.800000000000001,6.04,9.1,13.3,20.86,27.88,30.21,28.5,24.849999999999998,24.84,24.85,24.85
Palestine,1263.43,1263.43,1263.43,1263.43,1263.43,1263.43,1263.43,1263.43,1263.43,1263.43,1263.43,1263.43,1263.43,1238.77,1237.54,1243.31,1290.78,1265.83,1348.1399999999999,1348.1399999999999,1348.1399999999999,1348.1399999999999,1348.1399999999999,1348.1399999999999,1348.1399999999999,1348.1399999999999,1348.1399999999999,1348.1399999999999,1348.1399999999999,1348.1399999999999,1348.1399999999999,1348.1399999999999,1348.1399999999999
Panama,3308.5299999999997,3308.5299999999997,3308.5299999999997,3308.5299999999997,3308.5299999999997,3308.5299999999997,3308.5299999999997,3308.5299999999997,2008.07,1553.74,1099.42,2789.13,2141.62,2448.3900000000003,2590.5,2677.14,2632.87,2239.7999999999997,2142.93,2046.06,1949.19,1852.32,1371.35,2477.29,2458.7200000000003,2440.15,2421.57,2403.0,1637.5600000000002,872.11,774.55,979.9699999999999,1443.6299999999999
Papua New Guinea,800.54,784.2199999999999,759.21,733.4900000000001,711.9200000000001,686.84,613.56,492.11999999999995,364.83,279.88,235.46,219.6,261.4,311.21,352.21,355.22999999999996,371.77000000000004,388.28000000000003,404.81000000000006,421.34,437.87,590.74,743.71,896.8,913.62,930.4699999999999,947.31,964.1399999999999,980.98,1027.6799999999998,1104.23,1175.1599999999999,1210.63
Paraguay,3380.0,3380.0,3380.0,5806.8,8233.599999999999,10660.400000000001,13087.199999999999,15514.0,12196.0,5064.0,3507.0,10583.0,11752.99,12923.0,14092.98,15262.98,16432.969999999998,17602.97,18772.96,19942.960000000003,21112.94,22282.95,23452.94,24667.05,18070.43,18908.25,18567.0,19662.0,21184.74,22707.47,20262.66,25086.23,25086.23
Peru,1335.53,1335.53,1335.53,1335.53,1335.53,1335.53,1600.18,1850.33,1912.49,1809.42,2257.17,3001.29,2893.32,2848.56,3128.33,3577.61,4238.13,2928.27,5008.69,4719.14,6225.67,6030.6900000000005,7288.64,7091.56,8274.55,8893.460000000001,9482.89,10036.95,8617.57,10635.77,13479.9,11583.25,9981.31
Philippines,15154.3,15373.92,15508.13,15830.69,16237.529999999999,16758.95,16853.49,16846.95,16959.42,17472.83,17382.68,17509.77,17995.31,18330.63,18010.9,18303.98,18899.05,19403.54,20075.73,19975.78,21311.11,21179.53,21608.02,22374.12,22111.61,23250.65,21632.13,21491.3,21350.48,24878.97,34715.33,37660.37,37660.37
Pitcairn,7.03,7.04,7.02,7.02,7.029999999999999,5.89,3.61,1.31,0.4,0.5399999999999999,0.58,0.36,0.19,0.09,0.03,0.04,0.14,0.3,0.25,0.18,0.04,0.060000000000000005,0.13,0.15,0.19,0.16,0.24,0.35,0.27999999999999997,0.2,0.1,0.13,0.13
Poland,5422.0,5422.0,7363.0,8825.0,9330.0,7136.0,9824.0,9501.0,8699.0,8466.0,8848.0,8855.0,10358.0,7184.0,8726.0,16039.0,17101.0,18721.0,20611.02,18493.03,19449.02,21779.27,21885.989999999998,22192.100000000002,23550.91,23996.09,24452.67,25073.55,23156.559999999998,24255.23,24618.37,26511.670000000002,21857.62
Portugal,9357.0,9357.0,6117.0,8985.0,9580.0,11815.0,12457.0,12750.0,14389.0,15411.0,15470.0,15503.0,17452.0,17030.0,16942.0,16353.0,15702.0,16682.39,17080.26,13984.91,13774.18,14562.41,12869.13,10122.52,12888.230000000001,10013.539999999999,9772.28,8103.160000000001,8057.3,9865.81,9706.26,9583.2,9039.55
Qatar,253.25,270.3,325.25,322.19,336.09000000000003,340.69,397.16999999999996,453.78999999999996,470.34999999999997,445.91,341.65,318.8,360.35999999999996,414.99,525.23,832.57,1012.47,998.23,1375.35,2558.51,3184.9199999999996,2539.9700000000003,1290.1299999999999,826.19,824.0600000000001,893.1700000000001,780.5500000000001,871.6999999999999,797.59,842.6899999999999,945.57,1152.85,1256.49
Republic of Korea,25082.0,27476.0,26718.0,25999.0,25922.0,25845.0,24620.0,24819.0,22103.0,25837.0,25684.0,28218.0,25844.0,24610.0,25323.0,24506.0,24076.0,24262.0,25368.0,22790.0,20431.0,19131.0,17438.0,18708.0,19788.0,19482.0,19798.0,20043.0,18716.0,16745.0,17132.0,19014.0,19882.0
Republic of Moldova,,,2897.0,2501.0,2553.55,2606.11,2658.66,2711.21,2763.76,2816.32,2868.87,2876.28,2606.44,2715.73,2915.4,2394.93,2466.37,2556.0299999999997,2924.6299999999997,2308.27,2466.13,2453.9500000000003,2316.2200000000003,2409.25,2500.4,2739.0,2981.0,3116.0,3349.4500000000003,3374.7000000000003,3354.9,5166.75,6978.599999999999
Romania,25255.0,19898.0,15134.0,24252.0,21811.0,20113.0,17425.0,15349.0,13979.0,11280.0,9427.4,7871.1,7875.7,6928.1,6778.2,7565.7,6733.2,6314.0,7193.7,6548.7,7249.2,6582.9,6418.7,10585.64,10021.23,11483.9,10812.73,11548.21,11107.65,9046.65,8700.09,8369.19,7957.0199999999995
Russian Federation,,,25961.0,25961.0,25961.0,25961.0,25961.0,25961.0,27372.06,28783.11,30194.170000000002,31605.23,33016.29,34427.34,35838.4,37249.45,38660.509999999995,40071.560000000005,41482.61,42893.68,44304.74,45715.8,47126.850000000006,48537.920000000006,49948.97,51360.04,71057.0,79522.64,74671.56,77306.75,90534.96,97018.44,97018.44
Rwanda,157.0,107.0,97.0,127.39999999999999,157.8,188.2,218.60000000000002,249.0,157.0,152.0,147.0,72.0,106.34,140.68,159.54,222.92,288.72,398.11,321.75,1187.6000000000001,953.85,181.6,925.52,1841.5,2060.91,2484.21,2027.0200000000002,2027.0200000000002,2027.0200000000002,2027.0200000000002,2027.0200000000002,2027.0200000000002,2027.0200000000002
"Saint Helena, Ascension and Tristan da Cunha",0.45,0.45,0.44,0.44,0.44,0.43000000000000005,0.43000000000000005,1.1400000000000001,2.1,3.26,2.61,2.36,4.6000000000000005,5.7,9.09,6.18,5.8,2.29,2.48,3.26,3.9,3.45,2.43,1.98,8.33,8.54,9.23,4.27,5.59,6.39,7.25,5.68,4.91
Saint Kitts and Nevis,92.45,92.45,92.44,94.22,99.69,106.91,104.4,100.89999999999999,98.37,97.99,200.35,289.41,467.76,363.87,266.48,100.94,96.39,103.92999999999999,90.34,99.25,90.21000000000001,87.42,96.02,98.89,109.76,115.38,120.62,117.44,101.42,101.41999999999999,101.41999999999999,101.42,101.42
Saint Lucia,671.21,625.72,557.5999999999999,492.07,436.47,398.34000000000003,354.89,333.35,289.03999999999996,295.15,261.51,230.23,248.89000000000001,295.1,325.30999999999995,280.99,211.36,173.01999999999998,174.25,204.15,214.73999999999998,217.63,212.17,209.65000000000003,236.14,264.47,257.32,227.23000000000002,203.98000000000002,221.08,242.44,256.86,264.07
Saint Vincent and the Grenadines,231.17,224.82,332.2,370.66,404.82,358.95,415.67,404.82,389.25,317.90000000000003,276.90999999999997,222.99,182.0,224.31,223.45000000000002,334.16,297.07,275.52,160.34,156.34,175.17,420.81,420.40999999999997,399.76,156.38,151.9,159.39000000000001,144.49,131.19,120.63,125.51,137.06,142.83
Samoa,48.07,48.07,36.0,23.53,48.269999999999996,44.18,23.66,29.779999999999998,12.05,10.02,6.77,12.41,18.04,23.689999999999998,29.330000000000002,34.95,40.589999999999996,46.24,51.87,57.51,63.14,68.79,74.43,80.05,85.69,91.34,96.97,102.61,196.7,111.6,185.14,272.15,272.15
Sao Tome and Principe,7.15,7.14,7.15,7.1499999999999995,7.15,7.14,7.15,7.15,7.14,7.14,5.19,4.31,3.9899999999999998,5.55,5.33,6.7,6.34,11.35,12.74,15.52,18.63,19.39,23.28,19.330000000000002,18.72,16.36,17.59,18.9,19.419999999999998,20.99,24.740000000000002,24.66,24.6
Saudi Arabia,994.0,994.0,994.0,994.0,994.0,994.0,994.0,2513.0,2683.36,2853.75,3024.11,3194.49,3364.87,3535.22,3705.6,3875.96,4046.35,4216.71,4416.01,4615.32,4814.610000000001,5013.89,5213.21,5412.5,6259.68,7106.84,7954.02,8801.189999999999,9648.36,10495.54,7255.65,7255.65,7255.65
Senegal,384.0,384.0,384.0,357.55,547.3000000000001,435.31,411.33,437.22999999999996,450.71,470.88,491.03,282.02,328.0,373.99,419.97,465.94,511.95000000000005,557.9,603.9100000000001,649.88,695.8599999999999,741.85,787.83,722.53,609.7900000000001,708.53,830.75,163.31,300.9,438.49,576.0799999999999,576.0799999999999,576.0799999999999
Serbia,,,,,,,,,,,,,,,,,2240.1,2405.15,2268.27,1942.5300000000002,1940.66,2567.2799999999997,3385.66,3647.76,3803.72,3257.0,2781.82,2310.69,2450.77,2593.51,2518.62,2266.91,2141.06
Serbia and Montenegro,,,1335.21,1821.86,1707.07,1474.66,1448.77,1364.22,1411.8300000000002,1337.82,1255.99,1329.18,1168.38,1028.98,1049.54,1049.54,,,,,,,,,,,,,,,,,
Seychelles,47.4,49.07000000000001,51.15,68.42,66.06,107.63,108.89,123.15,87.03999999999999,72.64,61.75,55.44,127.30000000000001,123.47,124.68,68.38000000000001,77.93,132.94,370.3,531.27,630.31,439.92999999999995,314.65999999999997,157.76,111.14999999999999,84.93,101.02000000000001,98.19,97.69999999999999,103.93,118.13,121.21,122.76
Sierra Leone,261.39,261.4,261.39,261.39,261.39,261.38,261.38,261.39,261.38,261.4,225.29,153.09,85.72000000000001,59.230000000000004,73.67,88.1,102.53,116.97,131.39,145.82999999999998,160.27,174.72,189.15,203.58,225.94,341.67,370.96,405.88,342.61,360.95,360.95000000000005,360.94,360.95
Sint Maarten (Dutch part),,,,,,,,,,,,,,,,,,,,,,28.54,25.53,29.43,31.560000000000002,35.690000000000005,35.12,40.17,49.160000000000004,48.92,48.51,41.27,37.63
Slovakia,,,,3889.7,4158.5,6146.9,3905.4,3247.2,3582.5,2831.9,1457.4899999999998,1549.8700000000001,1642.21,1515.43,1573.03,1545.6000000000001,1586.97,1595.47,1498.24,1654.12,1880.75,1410.5,1563.78,1620.28,1721.83,1567.86,1520.0,1724.0,1785.0,1859.0,1810.0,1620.0,1511.0
Slovenia,,,1309.0,1112.0,944.0,987.0,953.0,1245.0,1091.0,1134.5,1468.0,1387.0,1164.1,1361.0,1557.98,1383.88,1280.98,1155.23,1218.15,1162.87,1134.3700000000001,1121.91,1016.08,917.36,1009.0,1046.61,1155.97,1087.02,1171.32,973.2199999999999,963.76,907.2,825.98
Solomon Islands,58.2,58.199999999999996,58.21,58.190000000000005,58.2,58.199999999999996,55.38,49.730000000000004,41.27,32.81,24.330000000000002,15.860000000000001,14.29,20.29,26.669999999999998,31.959999999999997,34.17,40.81,36.34,44.69,54.239999999999995,66.45,72.25,72.31,64.15,60.089999999999996,63.379999999999995,65.17,54.800000000000004,39.64,39.65,39.660000000000004,39.660000000000004
Somalia,34.66,24.44,19.08,23.05,42.8,31.09,24.28,3.15,0.95,15.36,20.87,33.72,25.38,38.93,74.17,92.35,123.58,117.86999999999999,135.7,123.39,125.73,175.18,250.52,330.46000000000004,372.84,356.49,299.44,316.0,443.28999999999996,616.77,722.14,746.84,746.84
South Africa,16582.0,16582.0,16582.0,16582.0,16582.0,18025.0,19507.989999999998,21596.0,24304.010000000002,26098.800000000003,26856.989999999998,25800.05,27246.68,27369.95,27992.37,29696.71,28717.86,29468.41,33073.020000000004,32608.5,33598.96,33334.34,34394.87,36324.38,38387.18,37740.47,35862.46,39492.46,39023.770000000004,39144.119999999995,41642.77,42620.17,42243.58
Spain,39562.0,39147.0,31839.0,29408.0,31244.0,27852.0,33236.0,34023.0,35070.0,33614.0,34597.0,35700.0,40727.0,41586.0,47445.0,41017.0,39767.0,39286.0,40719.0,35199.0,39043.0,53549.0,63490.52,71359.05,78752.09,77149.20999999999,76940.63,71987.32,85387.86,75190.44,74824.64,76173.56999999999,56276.94
Sri Lanka,1571.33,1409.15,2144.31,1753.2,1860.7,1735.5,1654.41,1622.4,1532.4099999999999,1766.9099999999999,1695.71,1705.0500000000002,1714.3899999999999,1723.73,1733.07,1742.41,1751.75,1439.8,1152.39,1170.3600000000001,1450.54,1290.31,1112.8,1235.31,933.3399999999999,2539.92,1925.0,1266.0,2261.0,1526.43,2573.15,2777.7000000000003,2140.09
Sudan,,,,,,,,,,,,,,,,,,,,,,,2469.47,2665.69,2861.8900000000003,3058.11,3254.32,2379.65,5486.86,4082.5299999999997,4082.5299999999997,4082.5299999999997,4082.5299999999997
Sudan (former),1643.0,1643.0,1643.0,484.0,1015.0,1303.0,1373.0,1223.0,904.0,585.0,266.0,517.66,769.32,1021.0,1272.66,1524.32,1268.83,1055.1699999999998,1352.3600000000001,2425.77,2862.47,2862.47,,,,,,,,,,,
Suriname,217.0,207.0,197.5,188.0,178.5,169.0,142.0,139.0,151.32999999999998,163.67000000000002,176.0,273.08000000000004,370.16,431.07,357.87,401.81,370.78,397.75,501.05,615.6600000000001,477.87,936.24,633.9200000000001,537.49,622.53,978.03,617.0,651.3,789.0,530.58,377.75,906.97,991.89
Sweden,2310.0,1841.0,1497.0,1466.0,1962.0,1225.0,1529.0,1534.0,1555.0,1602.0,1721.0,1789.0,2198.0,2549.0,1353.0,2132.0,2220.0,2157.0,2352.0,1935.0,1982.0,1781.0,1814.0,2177.88,2493.48,2321.28,1955.78,2060.85,1870.6999999999998,1800.86,2047.47,2138.0,2297.66
Switzerland,2282.0,2055.9,2018.7,1934.5,1922.5,1826.3,1746.3,1644.3,1563.6,1526.6000000000001,1576.9,1561.8999999999999,1526.6000000000001,1476.7,1390.7,1388.3,1359.0400000000002,2099.3,2237.36,2224.02,2148.49,2284.09,2231.92,2277.3399999999997,2232.52,2207.49,2139.88,2007.1599999999999,2019.6,1921.1,1884.72,2219.92,2166.32
Syrian Arab Republic,845.0,1089.66,1157.61,1516.44,1326.05,1244.85,1065.25,1538.28,1730.69,1699.58,1107.3500000000001,987.13,1099.8999999999999,1429.31,1597.75,1578.98,1475.3799999999999,1308.8600000000001,1210.73,1400.6299999999999,1614.07,1897.27,1897.27,1897.27,1897.27,1897.27,1897.27,1897.27,1897.27,1897.27,1897.27,1897.27,1897.27
Tajikistan,,,130.22,130.22,130.21,130.22,130.21,130.22,130.23000000000002,130.21,130.1,129.84,129.47,129.1,128.72,128.35,127.98,127.6,127.23,126.87,126.49000000000001,126.12,125.72999999999999,125.37,124.99000000000001,124.61,147.01,309.01,386.46,468.82,439.21,570.25,635.78
Thailand,18849.0,18849.0,18849.0,18849.0,20448.0,24062.0,23621.5,23960.0,19212.0,22761.0,20334.0,30629.679999999997,40925.32,51221.0,65626.5,43831.0,41220.0,66858.0,65423.0,67933.0,68986.0,87191.0,69921.0,8136.0,21800.0,26167.66,30535.329999999998,34037.479999999996,34776.61,28073.800000000003,19006.559999999998,8745.25,5806.02
Timor-Leste,3.13,3.13,3.13,3.13,3.13,3.13,3.13,3.13,3.13,3.13,3.13,3.12,3.11,3.12,2.6799999999999997,3.3099999999999996,5.02,8.27,11.52,14.77,18.04,21.29,24.54,29.53,36.25,44.72,53.18,58.81,69.55999999999999,88.55999999999999,118.61,138.26,148.07999999999998
Togo,324.0,213.0,192.0,206.0,203.0,200.0,197.0,228.07,259.13,290.2,321.27,352.34,383.4,414.46999999999997,584.76,203.09,268.78,262.45,229.94,172.19,242.01,145.73999999999998,341.43,371.9,812.89,1117.98,1246.2,1263.0,1356.0,1425.0,1425.0,1425.0,1425.0
Tokelau,3.66,3.6700000000000004,3.66,3.6599999999999997,3.66,3.6599999999999997,3.6599999999999997,3.67,3.66,3.66,3.6599999999999997,3.2600000000000002,7.209999999999999,8.44,8.02,5.58,4.69,4.37,2.09,1.25,2.25,3.2300000000000004,4.220000000000001,5.2,6.17,7.5200000000000005,9.27,8.84,5.8,14.280000000000001,36.809999999999995,61.27,73.47
Tonga,11.209999999999999,11.209999999999999,11.209999999999999,11.209999999999999,11.209999999999999,11.209999999999999,11.209999999999999,11.209999999999999,11.209999999999999,11.209999999999999,11.209999999999999,11.209999999999999,11.209999999999999,11.209999999999999,11.209999999999999,11.209999999999999,11.209999999999999,11.209999999999999,11.209999999999999,11.209999999999999,11.209999999999999,11.209999999999999,11.209999999999999,11.209999999999999,15.09,12.049999999999999,9.0,24.0,22.0,22.0,22.0,22.0,22.0
Trinidad and Tobago,336.0,387.0,385.0,314.0,298.0,284.0,269.0,253.0,239.0,225.0,212.0,195.0,181.0,167.0,150.0,136.0,122.0,108.0,93.0,80.0,125.5,172.0,515.75,859.0,1173.0,1173.0,1173.0,1173.0,1173.0,1173.0,1173.0,1173.0,1173.0
Tunisia,909.0,909.0,909.0,909.0,909.0,909.0,909.0,909.0,1172.19,1215.3899999999999,1411.78,1379.45,1155.47,1272.28,1582.21,1492.72,1290.48,1363.1899999999998,1776.6499999999999,1495.28,2174.91,2135.1,3076.3900000000003,2461.99,2765.9700000000003,2817.44,3133.94,2670.39,3211.47,3511.13,3412.08,3299.06,3246.65
Turkmenistan,,,730.77,730.77,730.77,730.77,730.77,699.51,774.63,771.96,800.55,722.75,722.75,722.75,722.75,722.75,722.75,722.75,722.75,722.75,722.75,722.75,722.75,722.75,722.75,722.75,722.75,722.75,722.75,2049.2999999999997,1294.4,1255.2,1647.2000000000003
Turks and Caicos Islands,26.18,26.19,26.2,26.189999999999998,26.19,26.18,26.18,26.18,26.18,17.47,8.799999999999999,0.07,0.09000000000000001,0.06,28.03,52.809999999999995,79.76,74.03,64.37,61.21,71.34,85.69,91.42,88.53,88.53999999999999,88.54,88.55,88.55,88.55,88.52,88.53999999999999,88.54,88.53
Tuvalu,1.8399999999999999,1.8299999999999998,1.8299999999999998,1.8299999999999998,1.8399999999999999,1.8399999999999999,1.8399999999999999,1.8199999999999998,1.7399999999999998,1.46,0.96,1.14,1.49,2.0300000000000002,2.13,2.0,2.0,1.92,2.09,2.18,2.17,2.17,2.16,2.16,2.16,2.18,2.17,2.17,2.17,2.17,2.17,2.17,2.17
TÃ¼rkiye,29918.0,24343.0,27110.0,28042.0,24219.0,27328.0,30286.0,34431.0,30162.0,33089.0,33471.0,25539.0,27915.0,33075.0,28831.0,40332.0,27421.0,48715.51,37640.2,37651.15,38554.69,39534.43,42610.59,39440.0,39722.72,39026.0,50220.22,54110.95,60230.96,51454.44,53490.020000000004,52875.630000000005,52963.0
USSR,86200.0,92200.0,,,,,,,,,,,,,,,,,,,,,,,,,,,,,,,
Uganda,534.5600000000001,534.57,534.56,534.56,571.1099999999999,781.41,783.5,927.39,1137.8600000000001,1611.65,1633.74,1402.84,1281.03,1339.5900000000001,1646.25,1711.88,2037.6399999999999,2080.43,2238.7,2445.48,2990.24,3658.46,4324.48,4882.91,5655.0599999999995,6298.139999999999,6284.06,6303.83,6037.93,6240.43,6027.41,6015.66,6009.780000000001
Ukraine,,,66772.0,61843.469999999994,56914.92,51986.4,47057.86,42129.32,37200.78,32272.239999999998,27343.7,22415.18,17486.63,12558.1,15344.400000000001,23021.7,28775.399999999998,35540.0,53227.5,35706.700000000004,61891.600000000006,78673.7,90049.8,85988.8,77294.0,64306.259999999995,51318.5,38330.74,25343.0,24325.0,24622.0,26974.0,19435.0
United Kingdom of Great Britain and Northern Ireland,29517.0,29022.0,31077.0,32387.0,33929.0,33743.0,35579.0,35490.0,35422.0,35537.0,33031.28,32893.1,30995.26,30754.4,31223.91,31415.27,22588.089999999997,22331.7,21596.68,21324.219999999998,16770.87,16401.66,17718.64,17673.46,18392.45,18475.05,19298.0,19116.0,19300.0,19605.670000000002,15023.07,14794.060000000001,16983.33
United Republic of Tanzania,20.0,20.0,20.0,20.0,715.0,557.0,7.0,49.0,1.0,1.0,1.0,1.0,1.0,1.0,1.0,1.0,1.0,1.0,1.0,1.0,1.0,1.0,1.0,1.0,1.0,1.0,1.0,1.0,1.0,1.0,1.0,1.0,1.0
United States of America,400522.33999999997,395079.01,401883.07999999996,390543.09,425922.68,423201.53,433180.36,431819.2,424562.11,433633.96,430005.20999999996,411407.94,413313.02999999997,407053.46,418030.39,409730.05,392810.67,400068.14,379202.92000000004,358337.7,374818.2,391298.7,407779.2,418673.91,413134.79000000004,423474.93,451666.82999999996,449713.05000000005,457385.42999999993,495672.66,474707.49000000005,433770.91,467676.6
Uruguay,1762.01,1762.01,2072.03,1634.02,2272.08,2413.02,3444.01,3362.05,4239.03,3925.03,3650.08,4433.04,5133.12,7431.71,8983.47,9167.300000000001,9082.45,14022.939999999999,13289.75,13441.74,14896.419999999998,17442.56,23466.1,19028.6,22936.8,13989.6,13313.1,14879.61,16446.12,16446.12,16446.12,16446.12,16446.12
Vanuatu,172.49,138.13,100.88,77.63000000000001,84.03,88.6,78.25999999999999,71.72,68.99000000000001,66.24000000000001,64.7,64.30999999999999,65.12,65.92,66.72,67.53,73.17999999999999,79.24,85.71,70.93,47.599999999999994,23.64,15.79,15.79,15.79,15.79,15.79,15.79,15.79,15.79,15.79,15.79,15.79
Venezuela (Bolivarian Republic of),1822.0,2409.0,3928.0,3928.0,3928.0,3928.0,3928.0,3928.0,3928.0,3928.0,3928.0,3928.0,3928.0,3928.0,3928.0,3928.0,3928.0,3928.0,3928.0,3928.0,3928.0,3928.0,3928.0,3928.0,3928.0,3928.0,3928.0,3928.0,3928.0,3928.0,3928.0,3928.0,3928.0
Viet Nam,20912.0,20912.0,20912.0,20912.0,20912.0,24896.0,32745.0,33019.0,20841.0,16695.0,16502.0,19154.0,23511.41,27868.81,32226.210000000003,36583.619999999995,41531.75,46479.87,51428.01,55492.350000000006,57104.79,68308.74,76833.59,83390.36,101920.59,102408.15,103060.66,82408.03,139416.02,134741.78,89334.84,148668.66,161908.06
Wallis and Futuna Islands,10.25,10.24,10.27,10.24,10.26,10.25,10.24,10.24,10.24,10.25,8.6,6.340000000000001,7.18,7.739999999999999,9.33,8.5,9.65,10.370000000000001,10.37,10.379999999999999,10.37,10.37,10.37,10.37,10.370000000000001,10.37,10.38,10.37,10.37,10.38,10.38,10.370000000000001,10.38
Yemen,98.34,186.97,364.24,441.05,573.52,586.8299999999999,638.16,655.74,838.6,931.8100000000001,899.49,781.33,926.4599999999999,1026.48,1209.62,1248.87,1268.62,977.33,724.35,597.12,694.91,819.35,953.55,1506.28,1483.52,1357.2,718.8000000000001,576.12,837.89,1147.21,1504.0700000000002,1504.0800000000002,1504.0800000000002
Yugoslav SFR,2575.0,2857.0,,,,,,,,,,,,,,,,,,,,,,,,,,,,,,,
Zambia,1080.0,1080.0,1080.0,1080.0,1080.0,716.0,1670.0,1797.5,1925.02,2052.54,2180.06,2307.56,2435.0699999999997,2562.6,2690.11,2817.62,2945.12,3072.66,3200.16,3327.67,3455.18,3582.71,3710.2200000000003,3837.73,3965.23,4092.77,4220.2699999999995,4347.780000000001,4196.64,4196.64,4196.64,4196.64,4196.64
Zimbabwe,5727.0,6753.0,3303.0,1716.0,1664.0,2599.0,2538.0,2762.0,2883.0,2918.18,2953.36,2988.54,3023.7200000000003,3058.9,3094.08,3129.2599999999998,3164.45,3199.64,3234.81,3269.9900000000002,3305.17,3340.36,3375.5299999999997,2550.07,2185.0699999999997,2185.0699999999997,2185.0699999999997,2185.0699999999997,2185.0699999999997,2185.0699999999997,2185.0699999999997,2185.0699999999997,2185.0699999999997
